{
  "test_accuracy": 0.9844444444444445,
  "cv_mean_accuracy": 0.982638888888889,
  "cv_std_accuracy": 0.00140270901921697,
  "cv_scores": [
    0.98125,
    0.9825,
    0.9813888888888889,
    0.9829166666666667,
    0.9851388888888889
  ],
  "classification_report": {
    "Drainage Blockage": {
      "precision": 0.999439461883408,
      "recall": 0.9905555555555555,
      "f1-score": 0.9949776785714286,
      "support": 1800.0
    },
    "Garbage": {
      "precision": 0.9994199535962877,
      "recall": 0.9572222222222222,
      "f1-score": 0.9778660612939841,
      "support": 1800.0
    },
    "Road Damage": {
      "precision": 0.9994359842075579,
      "recall": 0.9844444444444445,
      "f1-score": 0.9918835712286594,
      "support": 1800.0
    },
    "Streetlight Fault": {
      "precision": 0.9988789237668162,
      "recall": 0.99,
      "f1-score": 0.9944196428571429,
      "support": 1800.0
    },
    "Water Leakage": {
      "precision": 0.9302325581395349,
      "recall": 1.0,
      "f1-score": 0.963855421686747,
      "support": 1800.0
    },
    "accuracy": 0.9844444444444445,
    "macro avg": {
      "precision": 0.9854813763187209,
      "recall": 0.9844444444444445,
      "f1-score": 0.9846004751275924,
      "support": 9000.0
    },
    "weighted avg": {
      "precision": 0.9854813763187208,
      "recall": 0.9844444444444445,
      "f1-score": 0.9846004751275925,
      "support": 9000.0
    }
  },
  "confusion_matrix": [
    [
      1783,
      0,
      0,
      0,
      17
    ],
    [
      1,
      1723,
      1,
      2,
      73
    ],
    [
      0,
      1,
      1772,
      0,
      27
    ],
    [
      0,
      0,
      0,
      1782,
      18
    ],
    [
      0,
      0,
      0,
      0,
      1800
    ]
  ],
  "labels": [
    "Drainage Blockage",
    "Garbage",
    "Road Damage",
    "Streetlight Fault",
    "Water Leakage"
  ],
  "train_size": 36000,
  "test_size": 9000
}